simple Addition|2 + 3|5|4 + 9|13|2 + 6|8
title|t1|d1|t2|d2|t3|d3
title3|t1|d1addition|1+1|2|2+2|4
title|t1|d1|t2|d2|t3|d3
title3|t1|d1
title|t1|d1|t2|d2|t3|d3
title3|t1|d1
Title|term1|definition1|term2|definition2|term3|definition3|term4|definition4|term5|definition5|term6|definition6|term7|definition7|term8|definition8|term9|definition9|term10|definition10|term11|definition11
title|t1|d1
title|t1|d1|t2|d2
test|test|test|test|test|1|1
Best waifus|1|Mai-san|2|Chizuru|3|Asuna|4|Rem|5|Ram|6|Emilia|7|Shoko|8|Miku|9|Hori|10|Ralphtaliaa|11|shoko|11|shoko|12|chizuru

